rank,symbol,timeframe,macd_params,long_hold_bars,short_hold_bars,long_total_events,long_rise_n,long_fall_n,long_win_rate,long_post_mean_rise,long_post_mean_fall,long_post_mean_total,long_plus1sd,long_minus1sd,long_post_max,long_post_min,long_pre_mean,long_pre_plus1sd,long_pre_minus1sd,short_total_events,short_rise_n,short_fall_n,short_win_rate,short_post_mean_rise,short_post_mean_fall,short_post_mean_total,short_plus1sd,short_minus1sd,short_post_max,short_post_min,short_pre_mean,short_pre_plus1sd,short_pre_minus1sd,base_long_rise_rate,base_short_fall_rate,base_long_mean,base_short_mean,long_edge,short_edge,long_mag_edge,short_mag_edge,active_signal,current_macd,current_signal,current_diff,long_expectancy,short_expectancy,combined_expectancy
1,NVDA,1W,12/26/9,12,3,314,246,68,0.7834394904458599,0.2659852645713841,-0.13072900411774202,0.18007262039666888,0.41520548723615336,-0.055060246442815625,0.8694481830417229,-0.5391180654338549,0.13598064267176727,0.26670898660786757,0.005252298735666933,221,136,85,0.38461538461538464,0.11105456105804883,-0.08037743295641354,0.03742687105248638,0.16114277812324967,-0.08628903601827694,0.39053254437869833,-0.32402234636871513,-0.039089533854825345,0.07848877328204498,-0.15666784099169567,0.7429111531190926,0.3587360594795539,0.16196034310422383,0.03856861721269927,0.040528337326767305,0.025879325135830744,0.01811227729244505,-0.0011417461602128906,LONG,8.9015,5.1183,3.7832,0.180073,0.037427,0.10875
2,AMD,1W,12/26/9,12,3,281,184,97,0.6548042704626335,0.31829070843831364,-0.1498272611756705,0.15669838440786366,0.4535301518709021,-0.1401333830551748,1.070886075949367,-0.4519261897054063,0.15466104471423237,0.32706251181775275,-0.017740422389288024,254,143,111,0.43700787401574803,0.12420975627961651,-0.08011542280506964,0.034918044159930814,0.17078697861638142,-0.10095089029651978,0.5991264367816092,-0.27041462474533345,-0.04710400383496101,0.0776394069670965,-0.17184741463701853,0.6427221172022685,0.4368029739776952,0.15137033806374045,0.03936547791112935,0.012082153260364992,0.0002049000380528465,0.005328046344123205,-0.004447433751198535,LONG,50.8741,25.9255,24.9486,0.156698,0.034918,0.095808
3,TSLA,1W,12/26/9,12,3,282,165,117,0.5851063829787234,0.39543868606311217,-0.1682779302854468,0.16155626013126329,0.5468045060828488,-0.22369198582032224,1.7304545454545455,-0.5357210179076343,0.15137773937335894,0.35086450223615706,-0.048109023489439184,255,137,118,0.4627450980392157,0.12214518446880573,-0.0895106566238753,0.0242024815318004,0.1709807448660221,-0.12257578180242129,0.5735007960375023,-0.36800780047213383,-0.06187249858891784,0.08431138095854505,-0.20805637813638073,0.5803402646502835,0.45353159851301117,0.12609383096761226,0.03004253180981152,0.004766118328439872,0.009213499526204538,0.03546242916365103,-0.0058400502780111205,LONG,0.433,-2.2261,2.6591,0.161556,0.024202,0.092879
4,SMH,1W,12/26/9,12,3,292,229,63,0.7842465753424658,0.13044640981019143,-0.08635875859203702,0.08366995224395721,0.20453271106377235,-0.03719280657585794,0.38953203178651996,-0.2896105721917615,0.07313102436253556,0.13893770720940635,0.007324341515664759,242,155,87,0.359504132231405,0.0688011325464448,-0.053110737501049755,0.024973311496312472,0.10323668518693899,-0.053290062194314036,0.29088499184339317,-0.23427792089710556,-0.02174226352418917,0.05727393756088799,-0.10075846460926632,0.7561436672967864,0.36988847583643125,0.07504563233572244,0.020017974498154994,0.028102908045679387,-0.01038434360502627,0.00862431990823477,0.004955336998157478,LONG,49.5435,33.8097,15.7338,0.08367,0.024973,0.054322
5,AVGO,1W,12/26/9,12,3,276,195,81,0.7065217391304348,0.1441911763142729,-0.09441426484091481,0.07416566641003301,0.2202981552609229,-0.07196682244085685,0.4817325002647461,-0.39273301737756716,0.08755891969475281,0.17527508862515936,-0.0001572492356537447,255,163,92,0.3607843137254902,0.08165971979700626,-0.054499997137588,0.03253542976570167,0.13060632230286454,-0.06553546277146119,0.36881203190647277,-0.2949376375641967,-0.019739664009172063,0.070511830758831,-0.10999115877717514,0.72,0.37640449438202245,0.08725644240523324,0.023449609983661655,-0.013478260869565162,-0.015620180656532257,-0.013090775995200227,0.009085819782040018,LONG,23.6862,14.0315,9.6547,0.074166,0.032535,0.053351
6,SOXX,1W,12/26/9,12,3,305,226,79,0.740983606557377,0.1287706280142656,-0.0809683009549253,0.0744448070681473,0.1941962986800093,-0.0453066845437147,0.46979940461285913,-0.2998454404945904,0.06780370313778146,0.1313665124913625,0.004240893784200422,229,147,82,0.35807860262008734,0.07087869712308237,-0.0508096638004499,0.027304698888455107,0.10744001674555866,-0.05283061896864845,0.3592061482288508,-0.23776857364742432,-0.025686595590254418,0.05698305190391641,-0.10835624308442525,0.725897920604915,0.3754646840148699,0.0694535960953338,0.019042331466507186,0.015085685952462069,-0.017386081394782538,0.004991210972813492,0.00826236742194792,LONG,51.2168,33.9349,17.2819,0.074445,0.027305,0.050875
7,NFLX,1W,12/26/9,12,3,293,218,75,0.7440273037542662,0.1541047322093364,-0.09779859989691295,0.08962435709681525,0.24143973209302927,-0.06219101789939875,0.4136054421768708,-0.42416340721425466,0.08930214980206148,0.1899075989098215,-0.011303299305698539,236,127,109,0.461864406779661,0.08815924337954414,-0.07656519995654915,0.012078886076009552,0.12567271648179565,-0.10151494432977654,0.37012987012987003,-0.4693638229258282,-0.047377926904472276,0.06588264673040178,-0.16063850053934633,0.7069943289224953,0.41263940520446096,0.07337586831895566,0.016964283683360032,0.037032974831770926,0.049225001575200045,0.016248488777859588,-0.00488539760735048,LONG,-2.9187,-3.3243,0.4056,0.089624,0.012079,0.050852
8,MELI,1W,12/26/9,12,3,286,160,126,0.5594405594405595,0.213355076025127,-0.13393313103776766,0.06035397780860696,0.27418922082026065,-0.15348126520304675,0.6644816284284977,-0.4553685492099148,0.11208108724247504,0.2410680688031405,-0.016905894318190423,250,141,109,0.436,0.10613434299565636,-0.07292726515313543,0.02806348184278313,0.14480541405445904,-0.0886784503688928,0.48525340946970236,-0.34073192874808256,-0.04959208085671286,0.060424038186767885,-0.1596081999001936,0.6257088846880907,0.43308550185873607,0.0897069889667608,0.021933775528042838,-0.06626832524753123,0.0029144981412639326,-0.029353011158153836,0.0061297063147402915,SHORT,-116.8186,-109.2329,-7.5857,0.060354,0.028063,0.044209
9,CAT,1W,12/26/9,12,3,300,195,105,0.65,0.1554257504621979,-0.09753700397544096,0.0668887864090243,0.2119568140595835,-0.07817924124153487,0.40653670766491673,-0.35594820609657407,0.07557302652661808,0.14589910173461987,0.0052469513186163,232,136,96,0.41379310344827586,0.07042334515402217,-0.058072327117660284,0.017252722145050112,0.10082589443139131,-0.06632045014129109,0.30921465968586387,-0.2738138619634138,-0.03561197731108975,0.04624289912495056,-0.11746685374713006,0.6351606805293005,0.3903345724907063,0.06687653360216715,0.0178918349281904,0.014839319470699497,0.023458530957569557,1.2252806857154797e-05,-0.000639112783140286,LONG,84.7277,71.803,12.9247,0.066889,0.017253,0.042071
10,GOOGL,1W,12/26/9,12,3,313,205,108,0.6549520766773163,0.1310729851099563,-0.08221634831557567,0.05747794354459702,0.19155277961148656,-0.07659689252229254,0.445031204992799,-0.2884615384615385,0.060264514397662394,0.12028919156523375,0.0002398372300910362,224,133,91,0.40625,0.061930036204608026,-0.045402047672616005,0.01832637712948577,0.08778603113035695,-0.0511332768713854,0.24546183567835547,-0.20235961768219832,-0.028110197716803915,0.04460279929137548,-0.1008231947249833,0.6843100189035917,0.3940520446096654,0.058514445835617095,0.015408596189696226,-0.029357942226275413,0.01219795539033458,-0.0010365022910200777,0.002917780939789545,LONG,27.6778,20.359,7.3188,0.057478,0.018326,0.037902
11,TAN,1W,12/26/9,12,3,240,131,109,0.5458333333333333,0.2182501682158577,-0.11567005928319807,0.06659473156003652,0.29286757340469477,-0.15967811028462175,0.7610876835829578,-0.38056379821958447,0.07579053013700837,0.18838735051601507,-0.036806290241998316,206,109,97,0.470873786407767,0.06480262389820327,-0.05423461742559904,0.008751107352529371,0.0883559009690711,-0.07085368626401235,0.26193811282312485,-0.20233120738948748,-0.05121481393273805,0.04824971633196348,-0.15067934419743959,0.49430523917995445,0.48214285714285715,0.04151281865030326,0.01037024957425999,0.051528094153378834,-0.011269070735090148,0.02508191290973326,-0.0016191422217306187,LONG,3.4747,3.1412,0.3335,0.066595,0.008751,0.037673
12,NOW,1W,12/26/9,12,3,294,211,83,0.717687074829932,0.12829596446353997,-0.09986232024525521,0.0638839317056148,0.18892635339925107,-0.06115848998802148,0.3206456275596243,-0.2857847976307996,0.07577396801132885,0.16262983530797054,-0.011081899285312835,243,133,110,0.45267489711934156,0.0829317252620594,-0.07964314306183741,0.009338163469348909,0.11147766880023455,-0.09280134186153674,0.30984549296750497,-0.3463796477495108,-0.03881809095431388,0.0650027523194166,-0.14263893422804436,0.6616257088846881,0.41821561338289964,0.061333673502453355,0.013650349261107565,0.05606136594524391,0.034459283736441915,0.0025502582031614388,-0.0043121857917586565,LONG,-18.6829,-18.7216,0.0387,0.063884,0.009338,0.036611
13,AMZN,1W,12/26/9,12,3,287,186,101,0.6480836236933798,0.1341172750748678,-0.10273640878303927,0.050764584936719315,0.19728479601627777,-0.09575562614283914,0.41492069708243595,-0.36621386276558693,0.069550424856227,0.13936661361161246,-0.0002657638991584582,248,153,95,0.38306451612903225,0.06369838144132633,-0.05305858832667764,0.018972929312453857,0.09636270130718887,-0.05841684268228116,0.26413510961921755,-0.2168340838240388,-0.031536851598508595,0.04853753753274026,-0.11161124072975745,0.667296786389414,0.379182156133829,0.058923072175545536,0.014962067965328266,-0.019213162696034236,0.003882359995203255,-0.008158487238826222,0.004010861347125591,LONG,10.6263,3.9026,6.7238,0.050765,0.018973,0.034869
14,GE,1W,12/26/9,12,3,271,172,99,0.6346863468634686,0.1884467502074237,-0.14600875151531104,0.06626558906148,0.2895838209973698,-0.15705264287440981,0.8285709462881065,-0.5518371121747728,0.07218782731852767,0.18339694993103678,-0.03902129529398142,264,123,141,0.5340909090909091,0.07116141653568345,-0.05653154841149126,0.002961764802533318,0.09212432807841936,-0.08620079847335271,0.4353387557672818,-0.4007359117939743,-0.04511342116336402,0.052710173892220186,-0.14293701621894822,0.5444234404536862,0.4721189591078067,0.03677111274450878,0.008293832577339746,0.0902629064097824,0.06197194998310235,0.02949447631697122,-0.0053320677748064284,SHORT,-0.1668,3.4259,-3.5927,0.066266,0.002962,0.034614
15,AAPL,1W,12/26/9,12,3,284,183,101,0.6443661971830986,0.12431594740462402,-0.0832206435253811,0.050508920348530655,0.18651379099590223,-0.08549595029884091,0.5645993206692668,-0.3324329191428057,0.07095143437357221,0.13522227836653583,0.0066805903806086,253,163,90,0.3557312252964427,0.05935196364448044,-0.05531946399238672,0.018559756184725315,0.08653734487227759,-0.049417832502826955,0.17216238608119294,-0.1696549064970117,-0.023641999335508642,0.056972919057020774,-0.10425691772803806,0.6880907372400756,0.3680297397769517,0.06388894785198752,0.015969719244893654,-0.04372454005697701,-0.012298514480509004,-0.01338002750345687,0.002590036939831661,LONG,8.2881,4.9502,3.3378,0.050509,0.01856,0.034534
16,SLV,1W,12/26/9,12,3,275,147,128,0.5345454545454545,0.18001383648319755,-0.07954288706138524,0.059201979706082646,0.25259671728036237,-0.1341927578681971,1.1111111111111112,-0.2474619289340102,0.06544620302789289,0.16539963723393275,-0.034507231178146955,260,149,111,0.4269230769230769,0.049153601795783944,-0.043255287812306496,0.00970211430925302,0.06995599625452117,-0.05055176763601514,0.23407917383821006,-0.25177076625885386,-0.028410534836214592,0.03471119633807842,-0.0915322660105076,0.5822306238185255,0.4479553903345725,0.04797304636737985,0.01227310560926376,-0.04768516927307098,-0.021032313411495585,0.011228933338702798,-0.00257099130001074,SHORT,4.8195,5.6765,-0.857,0.059202,0.009702,0.034452
17,MSFT,1W,12/26/9,12,3,284,215,69,0.7570422535211268,0.0872669346668043,-0.0673477461432013,0.04970210024465506,0.13845946593811398,-0.039055265448803875,0.34920954181584124,-0.24158130930766344,0.05627588304775304,0.1066619383848332,0.005889827710672882,252,161,91,0.3611111111111111,0.04967429066542848,-0.03914387767099712,0.017601063210608118,0.07516753745952084,-0.039965411038304616,0.2023298143429195,-0.13870586972851165,-0.019045916180537692,0.039667223735693556,-0.07775905609676895,0.7277882797731569,0.3680297397769517,0.052010339946097855,0.012974276168491172,0.029253973747969897,-0.006918628665840587,-0.0023082397014427963,0.004626787042116946,LONG,-17.038,-21.0872,4.0493,0.049702,0.017601,0.033652
18,ISRG,1W,12/26/9,12,3,312,206,106,0.6602564102564102,0.11996910666778708,-0.09545729339058509,0.04677936818641705,0.17130733938283688,-0.07774860301000279,0.40130174989329936,-0.3406593406593406,0.06864637680956326,0.1431947613735028,-0.0059020077543762706,225,138,87,0.38666666666666666,0.07227321341990214,-0.06190655928528601,0.020390367973896067,0.10819246455183075,-0.06741172860403861,0.30847809461378783,-0.2617562784426091,-0.03794178734247974,0.047368549416498575,-0.12325212410145805,0.667296786389414,0.39219330855018586,0.056614967216598845,0.013827457174429266,-0.0070403761330037895,-0.005526641883519201,-0.009835599030181795,0.006562910799466802,SHORT,-19.0091,-13.9477,-5.0614,0.046779,0.02039,0.033585
19,LLY,1W,12/26/9,12,3,278,165,113,0.5935251798561151,0.1137568840003431,-0.06809168862365284,0.03984001814958215,0.1596391522278982,-0.07995911592873392,0.47878654042564955,-0.22475913233329345,0.07063879434258213,0.15042824174001035,-0.00915065305484608,259,170,89,0.3436293436293436,0.06228273917829628,-0.04084069382188518,0.026846501583639326,0.0933455037522198,-0.039652500584941144,0.22340242471646451,-0.1684089750127485,-0.020563615998507975,0.04903165852513959,-0.09015889052215555,0.6616257088846881,0.4144981412639405,0.0673069373211477,0.01626328331655821,-0.068100529028573,-0.07086879763459691,-0.027466919171565553,0.010583218267081116,SHORT,4.467,11.7497,-7.2827,0.03984,0.026847,0.033343
20,GS,1W,12/26/9,12,3,299,201,98,0.6722408026755853,0.12164008587716617,-0.10124882702663841,0.04858619469130379,0.19296060230346757,-0.09578821292085998,0.49420226948595514,-0.3999393046041793,0.06309585540368644,0.1396343431753904,-0.013442632368017515,238,141,97,0.40756302521008403,0.06943673138384086,-0.057286641464442706,0.01778897018096898,0.10197762235662994,-0.06639968199469198,0.3312621920381475,-0.31060417393036815,-0.033697047874541176,0.05150446715315266,-0.11889856290223502,0.6540642722117203,0.4312267657992565,0.04922308929100367,0.012614270367709894,0.018176530463865026,-0.023663740589172477,-0.000636894599699879,0.005174699813259086,LONG,31.1483,28.0323,3.1161,0.048586,0.017789,0.033188
21,COST,1W,12/26/9,12,3,287,196,91,0.6829268292682927,0.09438329585998152,-0.05917258930697068,0.04569484446558205,0.1362181111486822,-0.0448284222175181,0.2563903950426027,-0.19045396973535095,0.052898735675318914,0.10076303770888208,0.005034433641755751,241,162,79,0.3278008298755187,0.04623243773238013,-0.035327958167782905,0.01949687227133084,0.0703087837589258,-0.03131503921626411,0.15067290813341136,-0.21682464454976305,-0.01885798915578183,0.0448987629079216,-0.08261474121948525,0.6899810964083176,0.3736059479553903,0.047881051474480386,0.011934705357215351,-0.0070542671400248835,-0.04580511807987164,-0.002186207008898336,0.00756216691411549,LONG,20.4308,17.2339,3.1969,0.045695,0.019497,0.032596
22,JPM,1W,12/26/9,12,3,310,228,82,0.7354838709677419,0.1026364385998473,-0.0775001731632253,0.05498739935929262,0.16850766863324973,-0.05853286991466449,0.36464708282333724,-0.3998850079057064,0.050521542395745404,0.10930016433738238,-0.008257079545891562,227,140,87,0.3832599118942731,0.04851496389937144,-0.05484819037338709,0.008900010499679844,0.0777625252288989,-0.059962504229539214,0.29487776484284045,-0.2808543622427009,-0.026188151133536085,0.045713326273204326,-0.0980896285402765,0.7032136105860114,0.39219330855018586,0.04417592986527602,0.01124104083617113,0.03227026038173053,-0.008933396655912751,0.010811469494016603,-0.0023410303364912854,SHORT,0.4653,0.6165,-0.1512,0.054987,0.0089,0.031944
23,LIT,1W,12/26/9,12,3,284,152,132,0.5352112676056338,0.18028941937432974,-0.10137263665911667,0.04937606938695324,0.22679363127715657,-0.1280414925032501,0.6845733301640125,-0.32,0.06704570817843462,0.14493065380019238,-0.01083923744332313,250,141,109,0.436,0.05956286113218343,-0.04467328854598437,0.014115899872502271,0.08547725080980723,-0.05724545106480269,0.2737856282617423,-0.1510883482714469,-0.03948734042119068,0.04057629028608221,-0.11955097112846358,0.5179584120982986,0.43308550185873607,0.04510094291500318,0.011612522793382068,0.01725285550733513,0.0029144981412639326,0.0042751264719500595,0.002503377079120203,LONG,7.3287,6.1036,1.2251,0.049376,0.014116,0.031746
24,ARKK,1W,12/26/9,12,3,316,185,131,0.5854430379746836,0.16448313517267746,-0.10928798858751161,0.05098940981639655,0.22298682257911337,-0.12100800294632028,0.608987773983919,-0.4365033935726552,0.07082742253578117,0.16998603811139168,-0.02833119303982934,220,121,99,0.45,0.080524090773832,-0.07500341433279512,0.010536713475849786,0.10933564502677254,-0.08826221807507298,0.31990049751243776,-0.24389470345702513,-0.053287510719512154,0.05471135864242484,-0.16128638008144913,0.6049149338374291,0.40892193308550184,0.0507843214477017,0.012504189230926043,-0.01947189586274556,0.04107806691449817,0.0002050883686948446,-0.0019674757550762565,LONG,0.181,-0.5971,0.7781,0.050989,0.010537,0.030763
25,ORCL,1W,12/26/9,12,3,274,195,79,0.7116788321167883,0.1041042355577208,-0.08923268635066808,0.04836110843814883,0.17153255468334735,-0.07481033780704968,0.591844585497211,-0.3845331432644334,0.0685370059848142,0.15221924161675143,-0.015145229647123032,261,154,107,0.4099616858237548,0.06134956241109244,-0.056516922306772056,0.01302881963403688,0.09065452780419316,-0.0645968885361194,0.25347271946154953,-0.2526034852687216,-0.03502831710391662,0.04351997552626372,-0.11357660973409697,0.6370510396975425,0.4312267657992565,0.044271715079824116,0.012159951557789586,0.07462779241924578,-0.0212650799755017,0.004089393358324714,0.000868868076247295,LONG,-7.5029,-14.1661,6.6632,0.048361,0.013029,0.030695
26,META,1W,12/26/9,12,3,284,177,107,0.6232394366197183,0.1475567738470074,-0.11607137843515204,0.04823208267027834,0.22875804439392522,-0.13229387905336853,0.711899617749709,-0.4970083102493075,0.07442682687978078,0.1665164138862711,-0.017662760126709517,251,149,102,0.4063745019920319,0.06855443953662205,-0.06808920179667162,0.013025947839427014,0.10218103129012578,-0.07612913561127176,0.3097276116563949,-0.31669483941533255,-0.03564797353135461,0.06450129246344755,-0.13579723952615677,0.6521739130434783,0.395910780669145,0.057667496030650224,0.013859583214211437,-0.028934476423760014,0.01046372132288692,-0.009435413360371882,-0.0008336353747844232,LONG,-12.2537,-13.3477,1.094,0.048232,0.013026,0.030629
27,WMT,1W,12/26/9,12,3,319,225,94,0.7053291536050157,0.081399013609237,-0.06329874102795474,0.03876080377884194,0.12320709587576817,-0.0456854883180843,0.23960320488363224,-0.22088812654850384,0.04308094035274521,0.08850006153844742,-0.0023381808329569834,215,139,76,0.35348837209302325,0.044568638125668865,-0.031116244824554194,0.0178149120595435,0.06588802981117356,-0.030258205692086555,0.2055844511360525,-0.1280803163979312,-0.018013075175776747,0.041703416365035606,-0.07772956671658911,0.7107750472589792,0.39219330855018586,0.04397788555924259,0.011416117395592888,-0.005445893653963529,-0.03870493645716261,-0.005217081780400652,0.0063987946639506126,SHORT,5.5197,5.591,-0.0714,0.038761,0.017815,0.028288
28,INTU,1W,12/26/9,12,3,300,215,85,0.7166666666666667,0.09949870394374036,-0.08680044481033204,0.046713945130086504,0.15305094968010188,-0.059623059419928875,0.2820991847826085,-0.3141824618334686,0.05726166583751399,0.1209383236376134,-0.006414991962585423,237,139,98,0.41350210970464135,0.06031800150841692,-0.06254174714449191,0.009515236242657156,0.09053284692372754,-0.07150237443841323,0.24900911613158933,-0.2918063017536395,-0.03290231428612152,0.05209012219163464,-0.11789475076387768,0.6729678638941399,0.41263940520446096,0.042343628920821955,0.0104928948174541,0.0436988027725268,0.000862704500180389,0.004370316209264549,-0.0009776585747969437,LONG,-63.4043,-63.8813,0.477,0.046714,0.009515,0.028115
29,XLK,1W,12/26/9,12,3,301,221,80,0.7342192691029901,0.07147627755414045,-0.06409345635548998,0.03544445458812573,0.1146197775250037,-0.04373086834875224,0.22919428487258803,-0.22302001740644037,0.048876027727733216,0.09418032628939249,0.003571729166073949,234,158,76,0.3247863247863248,0.049366626497034286,-0.042798340699268925,0.019432705527294786,0.0765136532847312,-0.037648242230141626,0.19294315317838143,-0.19189861959719387,-0.01683997037156348,0.045559087217235644,-0.07923902796036261,0.7599243856332704,0.34014869888475835,0.049796715057966165,0.013313841240515756,-0.025705116530280292,-0.015362374098433551,-0.014352260469840436,0.006118864286779029,LONG,7.5598,3.7463,3.8134,0.035444,0.019433,0.027439
30,ADBE,1W,12/26/9,12,3,295,192,103,0.6508474576271186,0.11709353096904697,-0.10369184978986538,0.040005753958308084,0.17610972388757412,-0.09609821597095797,0.517996555683123,-0.3588305248277874,0.061016510116576016,0.14107005497777553,-0.019037034744623503,242,137,105,0.43388429752066116,0.07026091640445602,-0.05818100786484269,0.01453198232066939,0.09353258384649249,-0.0644686192051537,0.300849605008198,-0.17199069177067908,-0.04224839074137118,0.04478882451834794,-0.1292856060010903,0.6162570888468809,0.44052044609665425,0.03498978119752341,0.008497290626617738,0.03459036878023769,-0.006636148575993095,0.005015972760784672,0.006034691694051651,LONG,-24.8795,-26.3655,1.486,0.040006,0.014532,0.027269
31,TXN,1W,12/26/9,12,3,263,173,90,0.6577946768060836,0.09549402549849142,-0.07401557142417875,0.03748693909909859,0.1412981914885634,-0.06632431329036623,0.3941655668320211,-0.2309230769230769,0.055747210276269527,0.12198710188263612,-0.010492681330097064,268,157,111,0.4141791044776119,0.056909571657997475,-0.042955376381418775,0.015547596910328807,0.08436954265596813,-0.053274348835310514,0.4221788884897623,-0.17541899441340786,-0.023012668784037762,0.04243756459210206,-0.08846290216017759,0.6540642722117203,0.41821561338289964,0.039522496965692475,0.012115268991072061,0.003730404594363357,-0.004036508905287728,-0.0020355578665938873,0.003432327919256746,LONG,24.6259,13.7726,10.8533,0.037487,0.015548,0.026517
32,BAC,1W,12/26/9,12,3,307,189,118,0.6156351791530945,0.12531557519496267,-0.08390282909218978,0.04489938071325589,0.18510114795221738,-0.0953023865257056,0.4906391220142027,-0.4435643564356435,0.05672022458720696,0.13197281115507764,-0.018532361980663728,230,131,99,0.43043478260869567,0.06346580434842201,-0.06541849895879334,0.007989517272707579,0.09276761564289734,-0.07678858109748218,0.31110074626865664,-0.3098245614035087,-0.03766875024593144,0.05257315647387502,-0.1279106569657379,0.6294896030245747,0.4144981412639405,0.039835851481579275,0.009969790774784932,-0.01385442387148017,0.015936641344755142,0.0050635292316766126,-0.001980273502077353,SHORT,-0.0205,0.0662,-0.0867,0.044899,0.00799,0.026444
33,MA,1W,12/26/9,12,3,291,203,88,0.697594501718213,0.07393842933355929,-0.0665389387745541,0.03145730083351126,0.11425511917062739,-0.051340517503604875,0.17415993052308099,-0.29700073152889545,0.05059544595113638,0.09372077712062943,0.00747011478164334,246,166,80,0.3252032520325203,0.05013602339723327,-0.04213501941477701,0.020129180206335615,0.07820087510066184,-0.03794251468799062,0.2742408476019298,-0.27159345391903533,-0.0197228715987602,0.04759365380678034,-0.08703939700430073,0.7032136105860114,0.3587360594795539,0.044048643352406276,0.010990033654210179,-0.0056191088677983725,-0.033532807447033575,-0.012591342518895016,0.009139146552125436,SHORT,-15.5874,-14.5118,-1.0755,0.031457,0.020129,0.025793
34,QQQ,1W,12/26/9,12,3,298,222,76,0.7449664429530202,0.06779795952356367,-0.05961556905729683,0.03530323411367979,0.11086833623507011,-0.04026186800771053,0.22907641656558642,-0.20571613111577589,0.04545253725133758,0.08632021693654512,0.004584857566130036,238,156,82,0.3445378151260504,0.04544459615411672,-0.04028124134210653,0.01590880340331711,0.069043995563298,-0.03722638875666377,0.1766842413591097,-0.1705539358600584,-0.015856303350244016,0.04475659024154674,-0.07646919694203477,0.7618147448015122,0.34386617100371747,0.04538450907165935,0.011844949388088385,-0.016848301848492064,0.0006716441223329483,-0.010081274957979558,0.004063854015228727,LONG,23.8619,12.6028,11.2591,0.035303,0.015909,0.025606
35,DRIV,1W,12/26/9,12,3,228,128,100,0.5614035087719298,0.13069116439896145,-0.08431674730544694,0.036389448739133176,0.17946067948640881,-0.10668178200814248,0.5944859276278002,-0.34005376344086025,0.051534490767693106,0.11728006495903366,-0.01421108342364745,188,109,79,0.42021276595744683,0.06199496677769746,-0.05146069187714366,0.014319450640822727,0.08746267779224358,-0.05882377651059813,0.21588594704684308,-0.280058651026393,-0.03591280924009008,0.04001985786953412,-0.11184547634971427,0.5707317073170731,0.4295942720763723,0.03162294528051571,0.009285758434866438,-0.00932819854514333,-0.009381506118925464,0.004766503458617469,0.0050336922059562896,LONG,2.4828,1.6706,0.8122,0.036389,0.014319,0.025354
36,BKNG,1W,12/26/9,12,3,277,170,107,0.6137184115523465,0.0866749987648402,-0.06922790764932928,0.026452576431568953,0.133405397465843,-0.08050024460270512,0.3147506001600426,-0.43184559710494574,0.06251743924500945,0.13512852928642596,-0.010093650796407061,258,161,97,0.375968992248062,0.06905456045443643,-0.055775055279422565,0.022122495624264642,0.10511125434652555,-0.060866263097996254,0.3095539100595992,-0.30561698363555945,-0.03253726051891247,0.04884672498681307,-0.113921246024638,0.6049149338374291,0.4275092936802974,0.037405350348176256,0.010149901043500456,0.008803477714917407,-0.05154030143223537,-0.010952773916607303,0.011972594580764186,SHORT,-9.7404,-8.9212,-0.8192,0.026453,0.022122,0.024288
37,XLC,1W,12/26/9,12,3,207,164,43,0.7922705314009661,0.07484016864178107,-0.07862550635519364,0.04296082552646748,0.12336509141406818,-0.03744344036113321,0.2085725220053578,-0.25642447772231475,0.042376262392382485,0.0866275586951564,-0.001875033910391434,202,117,85,0.4207920792079208,0.03775455453896052,-0.040007375608925554,0.00503295026881043,0.05615342818962572,-0.04608752765200487,0.15788165091994036,-0.20764381402679274,-0.019365988896564105,0.040489755851462014,-0.07922173364459023,0.685785536159601,0.3902439024390244,0.029803303272465973,0.007320947394588947,0.10648499524136512,0.030548176768896373,0.013157522254001509,-0.002287997125778517,SHORT,0.774,0.7855,-0.0114,0.042961,0.005033,0.023997
38,IGV,1W,12/26/9,12,3,296,215,81,0.7263513513513513,0.07414859276587539,-0.08015461943126215,0.031923727265983026,0.11787072736288089,-0.054023272830914834,0.2259549795361528,-0.23339146979546535,0.05262846510507478,0.10354441777884882,0.0017125124313007375,241,150,91,0.3775933609958506,0.054663353350559184,-0.0531591859183182,0.013950278356916692,0.07848985370934364,-0.050589296995510256,0.1735286688557716,-0.16122469738582046,-0.02891906510250431,0.0399560064539698,-0.09779413665897843,0.7107750472589792,0.3847583643122677,0.04031992735186624,0.010212323541899637,0.015576304092372095,-0.007165003316417062,-0.008396200085883217,0.0037379548150170555,LONG,-4.2871,-5.5995,1.3124,0.031924,0.01395,0.022937
39,SPGI,1W,12/26/9,12,3,287,191,96,0.6655052264808362,0.08452198801638285,-0.07410489597385642,0.0314621243820171,0.12436598032741092,-0.06144173156337671,0.22341466825141587,-0.23964491626246912,0.05474700984724557,0.10640197762822326,0.0030920420662678763,250,160,90,0.36,0.04747151167067951,-0.05083916955937356,0.012079666427860404,0.07569316685511066,-0.05153383399938985,0.3580631256286222,-0.21480952201872824,-0.02491152325253133,0.04921042154787912,-0.09903346805294179,0.6710775047258979,0.36988847583643125,0.041899390182519806,0.010550300075834018,-0.005572278245061679,-0.009888475836431265,-0.010437265800502707,0.0015293663520263862,SHORT,-21.9404,-20.6042,-1.3362,0.031462,0.01208,0.021771
40,CIBR,1W,12/26/9,12,3,296,205,91,0.6925675675675675,0.06497846110299929,-0.07251732681173434,0.02270779657515888,0.10453534267703544,-0.05911974952671768,0.2476323119777159,-0.25873196659073655,0.04506652842258499,0.0954579846629233,-0.005324927817753317,241,156,85,0.35269709543568467,0.05169185413580829,-0.04057431426361744,0.019149844534351087,0.07618857126422332,-0.03788888219552114,0.19037102473498227,-0.2042179261862917,-0.02165175380180458,0.04361664384621343,-0.08692015144982258,0.6994328922495274,0.40892193308550184,0.037290396635759865,0.009849264176499013,-0.0068653246819598834,-0.05622483764981717,-0.014582600060600984,0.009300580357852074,LONG,-0.1438,-1.482,1.3382,0.022708,0.01915,0.020929
41,GLD,1W,12/26/9,12,3,296,195,101,0.6587837837837838,0.06764533317459046,-0.033395625089783235,0.03316851971276025,0.09848956043885862,-0.032152521013338126,0.2518114066866784,-0.11812649424038242,0.036221506505283656,0.0785209221561197,-0.006077909145552389,238,135,103,0.4327731092436975,0.031910598977222523,-0.023616808650175052,0.00787983013007147,0.0431739577979603,-0.027414297537817357,0.13261009207051588,-0.09470214647479702,-0.013611853902501,0.018350285401879766,-0.04557399320688176,0.6635160680529301,0.42193308550185876,0.033680837854029415,0.008527100239276969,-0.004732284269146292,0.010840023741838734,-0.0005123181412691677,-0.000647270109205499,SHORT,12.874,19.129,-6.255,0.033169,0.00788,0.020524
42,V,1W,12/26/9,12,3,305,209,96,0.6852459016393443,0.06642300801743374,-0.060779836318005986,0.02638539143972157,0.0997111553128172,-0.04694037243337405,0.17494161843842018,-0.22472147420666339,0.0415060684128938,0.08203809696456366,0.0009740398612239493,232,149,83,0.3577586206896552,0.042757119118148584,-0.036090666543203545,0.014548644075509678,0.06468224042627901,-0.03558495227525965,0.1829326431928079,-0.19217649647887314,-0.019697705475974197,0.03779459671653358,-0.07719000766848198,0.6937618147448015,0.37174721189591076,0.03645262675711077,0.009421943542147815,-0.008515913105457185,-0.013988591206255563,-0.010067235317389202,0.005126700533361863,LONG,-5.3919,-7.1183,1.7264,0.026385,0.014549,0.020467
43,ICLN,1W,12/26/9,12,3,310,173,137,0.5580645161290323,0.1295219653120584,-0.10008790362691813,0.028049216780962317,0.18952265633659537,-0.13342422277467075,0.6820040899795501,-0.2759878419452887,0.04904304833706086,0.12597267085372715,-0.02788657417960544,225,128,97,0.4311111111111111,0.04933623403549331,-0.04094511613720011,0.010414940849932146,0.06872152027481927,-0.04789163857495499,0.20943613348676643,-0.13556920170051964,-0.0419434121959794,0.034140534537185505,-0.1180273589291443,0.5765595463137996,0.44981412639405205,0.027777501020243112,0.007341349801027682,-0.01849503018476728,-0.018703015282940938,0.00027171576071920514,0.0030735910489044643,LONG,1.2259,0.9696,0.2563,0.028049,0.010415,0.019232
44,MRK,1W,12/26/9,12,3,270,172,98,0.6370370370370371,0.08199124516419479,-0.06110104280319189,0.030054044346402586,0.12199994620519677,-0.061891857512391596,0.3122040464916057,-0.22017191977077358,0.045660115655981943,0.09506749593756694,-0.0037472646256030487,263,148,115,0.4372623574144487,0.04185322760241429,-0.03515616732877419,0.008179918031742521,0.057569971825131315,-0.041210135761646276,0.16362041234098548,-0.13150549991791166,-0.02603355028074164,0.0256977173199264,-0.07776481788140968,0.6086956521739131,0.44981412639405205,0.02420950243370872,0.005966137542581056,0.028341384863123986,-0.012551768979603362,0.005844541912693867,0.002213780489161465,SHORT,4.1306,5.8624,-1.7318,0.030054,0.00818,0.019117
45,ARKG,1W,12/26/9,12,3,307,152,155,0.495114006514658,0.15970785727976874,-0.10774005216998134,0.02467715381165387,0.19921910620905856,-0.14986479858575083,0.6814724672954063,-0.36310002681684095,0.06211632210162108,0.1641113906074105,-0.03987874640416834,230,122,108,0.46956521739130436,0.08492222752980745,-0.06988462290757605,0.01223031515051433,0.11054997402153437,-0.08608934372050571,0.34474655924806996,-0.24941255454850622,-0.05807077190674307,0.04132342814577438,-0.1574649719592605,0.5500945179584121,0.483271375464684,0.026811061530620687,0.007233105608893829,-0.054980511443754154,-0.01370615807337966,-0.0021339077189668175,0.004997209541620502,LONG,0.3282,0.189,0.1392,0.024677,0.01223,0.018454
46,SPY,1W,12/26/9,12,3,292,227,65,0.7773972602739726,0.0504804641648211,-0.06559001017004357,0.024642858576580672,0.08673210793497829,-0.03744639078181694,0.1401299756295694,-0.29133370501146005,0.032226261811573904,0.06308136982175674,0.001371153801391068,244,169,75,0.3073770491803279,0.033930802884255123,-0.037326309925001244,0.012028001815836159,0.05835307235311471,-0.03429706872144239,0.2159090909090908,-0.227705393910754,-0.010286914309525259,0.04525611934766328,-0.06582994796671379,0.7731568998109641,0.3252788104089219,0.03129525357246494,0.008334264539947822,0.0042403604630084635,-0.01790176122859405,-0.006652394995884266,0.0036937372758883372,LONG,16.0832,9.9351,6.1481,0.024643,0.012028,0.018335
47,VTI,1W,12/26/9,12,3,286,218,68,0.7622377622377622,0.052488330352846675,-0.06688175794414096,0.024106631037478992,0.09017459510765188,-0.04196133303269389,0.15878054623861998,-0.2979644076060459,0.03307114958048649,0.06515434928777251,0.0009879498732004721,250,166,84,0.336,0.035053850546348464,-0.035632705826116814,0.01130316760520013,0.05838373609637989,-0.03577740088597963,0.2098272419480859,-0.2343126827971284,-0.010639762732729912,0.04637760213426284,-0.06765712759972267,0.7637051039697542,0.3345724907063197,0.030827990024247066,0.008194226685147184,-0.0014673417319920334,0.0014275092936802958,-0.006721358986768074,0.0031089409200529463,LONG,7.8199,4.9424,2.8775,0.024107,0.011303,0.017705
48,XLF,1W,12/26/9,12,3,293,202,91,0.689419795221843,0.06945646745411356,-0.06896779609531911,0.026464631334665194,0.11698899971626903,-0.06405973704693863,0.27158424140821463,-0.3854403639909002,0.03927800166413977,0.08550840658363684,-0.006952403255357308,244,143,101,0.4139344262295082,0.04424025214804342,-0.04161780868221045,0.008700645001094067,0.0692337697874902,-0.05183247978530207,0.24655581947743457,-0.28883038736367056,-0.02118378130776651,0.04308329679282319,-0.0854508594083562,0.6975425330812854,0.4033457249070632,0.028417417717921046,0.00732072832191566,-0.008122737859442397,0.010588701322444993,-0.0019527863832558522,0.0013799166791784072,LONG,-0.468,-0.5022,0.0342,0.026465,0.008701,0.017583
49,HACK,1W,12/26/9,12,3,292,187,105,0.6404109589041096,0.06767160538336567,-0.06628530082768531,0.01950216993076172,0.10104121779641984,-0.0620368779348964,0.23081150393845015,-0.2597839135654262,0.04317055998892009,0.09291498895316959,-0.006573868975329411,244,153,91,0.3729508196721312,0.04858637863486044,-0.04151540171967653,0.01498284579771756,0.07147685525128558,-0.041511163655850454,0.20759000973078168,-0.2232300327538423,-0.022551062560853687,0.041815364153254465,-0.08691748927496185,0.665406427221172,0.41263940520446096,0.03286421595381147,0.008530334744420701,-0.024995468317062453,-0.03968858553232979,-0.013362046023049749,0.006452511053296859,LONG,0.1462,-1.0799,1.226,0.019502,0.014983,0.017243
50,DHR,1W,12/26/9,12,3,274,167,107,0.6094890510948905,0.0899795262956695,-0.07070439323480297,0.02723069640603244,0.12857340255469926,-0.07411200974263438,0.3171129220023284,-0.21215277777777775,0.05248820355167997,0.11129591481413645,-0.006319507710776509,263,145,118,0.44866920152091255,0.047078911559387975,-0.04175618707197478,0.007221338789422942,0.06560694737885156,-0.05116426980000568,0.22136894824707842,-0.16069975589910496,-0.027589911895977325,0.03203018160140911,-0.08721000539336375,0.610586011342155,0.4479553903345725,0.03142613941823352,0.00757121416187417,-0.0010969602472644668,0.0007138111863400631,-0.004195443012201084,-0.0003498753724512282,SHORT,-11.367,-7.4158,-3.9512,0.027231,0.007221,0.017226
51,USO,1W,12/26/9,12,3,279,146,133,0.5232974910394266,0.1514910308395509,-0.1109957447497259,0.026362926347171637,0.21738408309280347,-0.1646582303984602,0.8547863358877779,-0.6608497723823976,0.060956106982206416,0.1352344484199014,-0.013322234455488559,249,147,102,0.40963855421686746,0.06861128957613019,-0.07927539111041497,0.008031203511762302,0.11791286735076086,-0.10185046032723626,0.35577942735949103,-0.564406779661017,-0.05218802355862928,0.07171157751511732,-0.17608762463237587,0.5822306238185255,0.4479553903345725,0.03501616343324574,0.008640021581326264,-0.05893313277909895,-0.03831683611770503,-0.008653237086074104,-0.0006088180695639628,LONG,17.0081,13.529,3.4791,0.026363,0.008031,0.017197
52,BLK,1W,12/26/9,12,3,274,156,118,0.5693430656934306,0.0881456051561429,-0.06509133387526043,0.022153054770356072,0.11597507339825534,-0.07166896385754319,0.266510812390415,-0.2948052722609888,0.05816619073709764,0.12397848959474427,-0.007646108120548986,263,150,113,0.4296577946768061,0.0586070138595142,-0.05090052974839027,0.011556244172467785,0.08348521896498622,-0.06037273062005065,0.32899188092016235,-0.2338826375240275,-0.03095342285140696,0.04532136957504627,-0.1072282152778602,0.6086956521739131,0.42193308550185876,0.03332186348307458,0.009313557041761265,-0.039352586480482454,0.007724709174947331,-0.011168808712718508,0.0022426871307065204,LONG,-4.2327,-14.2548,10.0222,0.022153,0.011556,0.016855
53,TMO,1W,12/26/9,12,3,284,172,112,0.6056338028169014,0.09335523158827674,-0.08983588860694615,0.02111084615917477,0.13318473441412895,-0.0909630420957794,0.2752803557617942,-0.29027185278126305,0.054263586650918405,0.10973998334634648,-0.0012128100445096685,253,137,116,0.45849802371541504,0.05847977516133121,-0.043789973044292684,0.011589297723179555,0.07477893979320155,-0.051600344346842436,0.208646205438507,-0.16117230150368728,-0.029201944587487184,0.03608136444007628,-0.09448525361505064,0.6559546313799622,0.45539033457249073,0.03531049338093714,0.008543691243953044,-0.05032082856306086,0.003107689142924308,-0.014199647221762372,0.0030456064792265102,SHORT,-19.8463,-11.7045,-8.1419,0.021111,0.011589,0.01635
54,EEM,1W,12/26/9,12,3,281,191,90,0.6797153024911032,0.06742824735459035,-0.05980008866655229,0.026678958237498395,0.10308816151263057,-0.04973024503763378,0.24871393424289862,-0.3041934768138451,0.035850232649526595,0.07738483495460499,-0.005684369655551795,253,137,116,0.45849802371541504,0.03957675396046673,-0.03388832145324456,0.005893162071176177,0.054782634526111006,-0.04299631038375865,0.15289855072463762,-0.22606120434353413,-0.023227443207894785,0.026911992810903,-0.07336687922669258,0.5860113421550095,0.44981412639405205,0.0188880399891397,0.005609582711779023,0.09370396033609374,0.008683897321362988,0.0077909182483586956,0.00028357935939715435,LONG,2.9844,2.294,0.6904,0.026679,0.005893,0.016286
55,UNH,1W,12/26/9,12,3,291,186,105,0.6391752577319587,0.07054816537898416,-0.07800799136508371,0.016945428409475143,0.11137687777031818,-0.07748602095136789,0.23695674903286518,-0.48529534422072834,0.048431745767363615,0.11279607580321656,-0.015932584268489328,244,150,94,0.38524590163934425,0.06004690807875575,-0.059126746090467815,0.014135746226677825,0.09648119164931546,-0.06820969919595982,0.29293014257475714,-0.3027183260080259,-0.030389347380035923,0.054962080908912116,-0.11574077566898397,0.667296786389414,0.4163568773234201,0.030217866187271136,0.009405005183928039,-0.02812152865745532,-0.031110975684075837,-0.013272437777795992,0.0047307410427497865,LONG,9.6257,-4.4347,14.0604,0.016945,0.014136,0.015541
56,EWJ,1W,12/26/9,12,3,284,202,82,0.7112676056338029,0.053751913953383905,-0.0454788890554983,0.025100766605748902,0.08600598160194944,-0.03580444839045163,0.18887362637362626,-0.24286673380328969,0.030137824628904294,0.06624208660306818,-0.005966437345259593,251,148,103,0.4103585657370518,0.03297494480710188,-0.03334973967629564,0.005758042409532375,0.050302816840649245,-0.0387867320215845,0.15054462688993656,-0.1829419035846724,-0.0193264348811953,0.02541671172497046,-0.06406958148736105,0.6540642722117203,0.395910780669145,0.01743673791850388,0.004708953030253096,0.057203333422082614,0.014447785067906838,0.007664028687245021,0.0010490893792792786,LONG,2.2963,1.9551,0.3412,0.025101,0.005758,0.015429
57,IWM,1W,12/26/9,12,3,292,188,104,0.6438356164383562,0.07204076317164296,-0.07608911365739865,0.019282176903765127,0.12224881072451321,-0.08368445691698295,0.4044026389705402,-0.38864102254913785,0.04039283340960895,0.09002462607626253,-0.00923895925704464,244,156,88,0.36065573770491804,0.04385521317975467,-0.048927087798541775,0.010392743974467425,0.07118963636083143,-0.05040414841189658,0.2201183431952662,-0.3070457185812889,-0.024638605287163506,0.04415993095431674,-0.09343714152864376,0.6559546313799622,0.39219330855018586,0.026279711704459998,0.007181274733042164,-0.012119014941606054,-0.031537570845267815,-0.006997534800694871,0.0032114692414252606,LONG,9.1907,6.9434,2.2473,0.019282,0.010393,0.014837
58,ABBV,1W,12/26/9,12,3,270,143,127,0.5296296296296297,0.10417412554508103,-0.0833788361154213,0.01595476950477067,0.13314178683873398,-0.10123224782919266,0.36428165814877905,-0.2484376268160052,0.059009484882088424,0.12201836954672962,-0.00399939978255278,267,155,112,0.41947565543071164,0.05438180790393223,-0.043181796359659394,0.01345625105927957,0.07698511391541972,-0.05007261179686058,0.21983990851915397,-0.18182841702319288,-0.02828298463027715,0.04062878453867545,-0.09719475379922975,0.5897920604914934,0.42936802973977695,0.03724145300247529,0.009060267774654525,-0.06016243086186368,-0.00989237430906531,-0.02128668349770462,0.004395983284625045,SHORT,-3.7452,-1.6569,-2.0883,0.015955,0.013456,0.014706
59,IHI,1W,12/26/9,12,3,297,195,102,0.6565656565656566,0.057836618095925094,-0.058830582196224626,0.01776909476326761,0.08932321858841882,-0.053785029061883594,0.1556858147713951,-0.25837862318840576,0.038204536594193574,0.07624605936874285,0.0001630138196443004,240,146,94,0.39166666666666666,0.04107583906205883,-0.03407993280822261,0.011639828412865271,0.06185547598387736,-0.03857581915814681,0.251297709923664,-0.18633540372670807,-0.022379150901766086,0.03488495352192984,-0.07964325532546201,0.6767485822306238,0.4144981412639405,0.026356579118161177,0.006238955373364169,-0.020182925664967266,-0.02283147459727386,-0.008587484354893565,0.0054008730395011025,SHORT,-2.9289,-2.1287,-0.8002,0.017769,0.01164,0.014704
60,LIN,1W,12/26/9,12,3,207,118,89,0.5700483091787439,0.07198037371040417,-0.07330225574237965,0.009515861530221745,0.10082275123495503,-0.08179102817451155,0.30193325299942364,-0.28719494959012526,0.04771449647545565,0.10170573971738375,-0.006276746766472455,174,117,57,0.3275862068965517,0.050001771751823125,-0.04262824092462502,0.019657457254365972,0.0796038417728889,-0.04028892726415695,0.25234633179114324,-0.20789487461389447,-0.020653799003870037,0.043940100987226595,-0.08524769899496668,0.6858638743455497,0.3887468030690537,0.04133464326535733,0.010273201252570226,-0.1158155651668058,-0.06116059617250197,-0.03181878173513558,0.009384256001795746,LONG,15.2794,13.2028,2.0766,0.009516,0.019657,0.014587
61,DIA,1W,12/26/9,12,3,292,209,83,0.7157534246575342,0.04670757374533647,-0.05571757428962611,0.01759357618745327,0.08139296603107925,-0.0462058136561727,0.14260045736687363,-0.32979429329794285,0.03062718766913927,0.06220627918465663,-0.0009519038463780931,245,163,82,0.3346938775510204,0.03312289504729392,-0.03238826546077695,0.011196710713980403,0.05643824375492776,-0.034044822326966956,0.23574778530484616,-0.24615021998742928,-0.011965296856621267,0.04205803499153576,-0.06598862870477828,0.7277882797731569,0.3513011152416357,0.02650923821425649,0.007048316075761057,-0.012034855115622634,-0.016607237690615284,-0.008915662026803217,0.004148394638219346,LONG,5.9867,4.9706,1.016,0.017594,0.011197,0.014395
62,QCOM,1W,12/26/9,12,3,292,152,140,0.5205479452054794,0.15082297381183232,-0.13137151552999335,0.015524246045203582,0.1836124612506766,-0.15256396916026943,0.4515693553830577,-0.3140765765765766,0.06990909946417233,0.18033760192005296,-0.04051940299170831,245,132,113,0.46122448979591835,0.07771671389657824,-0.06297336873953173,0.012827002313392823,0.11525078332147945,-0.08959677869469382,0.6085903083700442,-0.22209450830140487,-0.047713474864116354,0.03500837233721185,-0.13043532206544456,0.5595463137996219,0.47026022304832715,0.0396594262755049,0.012451342492882453,-0.03899836859414252,-0.009035733252408806,-0.02413518023030132,0.0003756598205103701,LONG,6.4674,-2.6423,9.1096,0.015524,0.012827,0.014176
63,XBI,1W,12/26/9,12,3,277,144,133,0.51985559566787,0.09970712390917086,-0.07728949618017592,0.014723187187571145,0.13124210130569344,-0.10179572693055114,0.33381317978246955,-0.3254645141638745,0.057420857168902405,0.13465250053181577,-0.01981078619401095,259,153,106,0.4092664092664093,0.0611446207612151,-0.055484986337793474,0.013412040249651742,0.09026403607504417,-0.06343995557574068,0.29588565321934285,-0.22493832697914332,-0.03705662275956094,0.038886262865481566,-0.11299950838460344,0.5708884688090737,0.4591078066914498,0.029977759250388026,0.007371447666840028,-0.05103287314120375,-0.04984139742504051,-0.015254572062816881,0.006040592582811714,LONG,6.0703,6.0201,0.0502,0.014723,0.013412,0.014068
64,XLY,1W,12/26/9,12,3,289,187,102,0.6470588235294118,0.06579037002372545,-0.07879960616794225,0.014758613720783905,0.10437144009353255,-0.07485421265196474,0.21562175268444744,-0.3032370675975882,0.040571979221210155,0.08915934142499071,-0.008015382982570401,248,164,84,0.3387096774193548,0.042936663785041025,-0.045932580208905234,0.012835790819349555,0.07072489924836975,-0.045053317609670636,0.21475745843771368,-0.24188535911602219,-0.020045073521284183,0.04518672759799605,-0.08527687464056441,0.7107750472589792,0.3847583643122677,0.030044488958356673,0.007926328524091312,-0.06371622372956742,-0.04604868689291286,-0.015285875237572768,0.004909462295258243,LONG,0.3745,-0.1381,0.5126,0.014759,0.012836,0.013797
65,EFA,1W,12/26/9,12,3,257,184,73,0.7159533073929961,0.048565134801920394,-0.05085237141675447,0.020325920973269563,0.0836779905430783,-0.04302614859653918,0.1786008230452674,-0.3243825387708214,0.032092660584792744,0.06910285978909719,-0.004917538619511705,278,160,118,0.4244604316546763,0.03550892510422363,-0.03216082375885281,0.006785794291838669,0.05446137448372156,-0.040889785900044225,0.1810839532412328,-0.24405526992287924,-0.01656283681765999,0.032851895939393375,-0.06597756957471335,0.6540642722117203,0.4275092936802974,0.016327636526954837,0.004447015862161543,0.061889035181275864,-0.003048862025621102,0.003998284446314726,0.002338778429677126,LONG,2.0871,1.9456,0.1415,0.020326,0.006786,0.013556
66,XLI,1W,12/26/9,12,3,277,180,97,0.6498194945848376,0.05552024706214335,-0.067521125582186,0.012433557002576758,0.09556229230838723,-0.07069517830323371,0.1911097671605685,-0.37240537240537247,0.04140752836038528,0.08528176230222606,-0.0024667055814555014,257,161,96,0.3735408560311284,0.041428238817772016,-0.03196674578660328,0.014012213440262176,0.06626007049608942,-0.03823564361556508,0.2578203834510596,-0.29666119321291734,-0.017095310112879247,0.04264654931837762,-0.07683716954413611,0.6956521739130435,0.3996282527881041,0.030886231795118773,0.00820466377041557,-0.045832679328205894,-0.02608739675697569,-0.018452674792542013,0.005807549669846606,SHORT,4.357,4.4075,-0.0504,0.012434,0.014012,0.013223
67,CRM,1W,12/26/9,12,3,285,163,122,0.5719298245614035,0.12783199754152824,-0.12176329475738147,0.020987696978486178,0.17228134145748553,-0.13030594750051316,0.5591212330342766,-0.30969220041836837,0.0646717236083888,0.14020728705662608,-0.010863839839848483,252,130,122,0.48412698412698413,0.0678165833839817,-0.061457351067039305,0.005231583371979479,0.0856152870765963,-0.07515212033263735,0.2170575293732154,-0.19232037691401646,-0.04484841160855081,0.03998086087997188,-0.1296776840970735,0.5765595463137996,0.4312267657992565,0.03376130646444293,0.007959139157902688,-0.004629721752396065,0.05290021832772762,-0.012773609485956756,-0.002727555785923209,SHORT,-18.0081,-17.4486,-0.5596,0.020988,0.005232,0.01311
68,XLU,1W,12/26/9,12,3,304,202,102,0.6644736842105263,0.048608348195229543,-0.05305328991519903,0.014498193302914691,0.075731338894742,-0.04673495228891261,0.17522747285001464,-0.22064259311913567,0.029215111967321575,0.06513073368478266,-0.006700509750139503,224,148,76,0.3392857142857143,0.03573136500356694,-0.0354019296014936,0.011596854333992834,0.059751656602262365,-0.036557947934276705,0.27227101631116696,-0.2309424252171116,-0.02054486664936695,0.03312818734586959,-0.0742179206446035,0.667296786389414,0.41821561338289964,0.01787526519721891,0.005005355411480767,-0.002823102178887704,-0.07892989909718534,-0.003377071894304218,0.006591498922512066,SHORT,0.5725,0.7722,-0.1998,0.014498,0.011597,0.013048
69,URA,1W,12/26/9,12,3,279,119,160,0.4265232974910394,0.14320669375898012,-0.10370962615208765,0.0016059368207333457,0.15225285010790537,-0.14904097646643868,0.441717791411043,-0.3369175627240143,0.08006806312961781,0.1852259695293961,-0.025089843270160478,257,149,108,0.42023346303501946,0.0840219517913244,-0.05916289900061792,0.023850886088873934,0.1206954846458034,-0.07299371246805553,0.4789444132509827,-0.23711340206185558,-0.04666231707096731,0.04012274218066485,-0.13344737632259945,0.5349716446124764,0.4628252788104089,0.045846691700274035,0.012284857111355,-0.10844834712143697,-0.04259181577538945,-0.04424075487954069,0.011566028977518935,LONG,2.1214,2.0835,0.0379,0.001606,0.023851,0.012728
70,ROBT,1W,12/26/9,12,3,222,121,101,0.545045045045045,0.09944292607479473,-0.08377887075332549,0.016085261752091386,0.133889541963968,-0.1017190184597852,0.43509677419354836,-0.3182477516681172,0.04920382505613781,0.10812941244020838,-0.009721762327932752,204,115,89,0.4362745098039216,0.05065189118012515,-0.04809875930785261,0.007569499545664268,0.07114588353728522,-0.05600688444595668,0.2119148936170213,-0.26332288401253917,-0.035721813919745035,0.035249853120860486,-0.10669348096035056,0.5885167464114832,0.4215456674473068,0.02150942296487284,0.0058549890187269485,-0.04347170136643819,0.014728842356614757,-0.005424161212781456,0.0017145105269373191,LONG,0.282,-0.272,0.5539,0.016085,0.007569,0.011827
71,PG,1W,12/26/9,12,3,262,155,107,0.5916030534351145,0.05763129460925839,-0.0411431238403227,0.01729212371572718,0.07912429844310562,-0.044540051011651254,0.19213746420203073,-0.1738136700043535,0.03504442822959112,0.07323306613599895,-0.003144209676816702,271,157,114,0.42066420664206644,0.0331065485293942,-0.03313524771999661,0.005240995863598809,0.04773347836251505,-0.03725148663531743,0.1317963147862394,-0.11684833385238255,-0.019518678966091014,0.0259167891174242,-0.06495414704960623,0.5860113421550095,0.43308550185873607,0.016308699010090653,0.0043842051120464,0.0055917112801050495,-0.012421295216669626,0.000983424705636525,0.0008567907515524085,SHORT,-1.9637,-1.4392,-0.5245,0.017292,0.005241,0.011267
72,PM,1W,12/26/9,12,3,280,154,126,0.55,0.0830029453152299,-0.07857458062158397,0.010293058643663667,0.11157267317182033,-0.09098655588449299,0.25720576461168937,-0.2922025257791681,0.047303864049763694,0.10876428370050051,-0.014156555600973127,254,144,110,0.4330708661417323,0.05300714437662785,-0.04125986048416764,0.01218285093297626,0.07539539779938521,-0.05102969593343269,0.23326239973809132,-0.2538170269940149,-0.03391377760557378,0.034100683478281754,-0.10192823868942931,0.5349716446124764,0.4516728624535316,0.019657211450695933,0.0057486202709594175,0.015028355387523673,-0.018601996311799318,-0.009364152807032266,0.006434230662016843,LONG,1.9293,1.3137,0.6156,0.010293,0.012183,0.011238
73,XLE,1W,12/26/9,12,3,273,127,146,0.4652014652014652,0.11684494720811996,-0.08149963910817097,0.010770553060946047,0.14668724864771643,-0.12514614252582434,0.37042716319824764,-0.580739299610895,0.050430366960799666,0.12894363987497676,-0.02808290595337741,255,144,111,0.43529411764705883,0.05654504758635164,-0.04908748820979934,0.010563826122144742,0.09183620746256861,-0.07070855521827914,0.34485141672425706,-0.42888692579505305,-0.032135159390831024,0.057031251710798585,-0.12130157049246063,0.5349716446124764,0.45353159851301117,0.025106089203591204,0.006790979422890553,-0.06977017941101116,-0.018237480865952338,-0.014335536142645157,0.003772846699254189,SHORT,2.9203,3.1734,-0.2531,0.010771,0.010564,0.010667
74,MCD,1W,12/26/9,12,3,265,147,118,0.5547169811320755,0.0667483248950043,-0.05518855151611956,0.012451904455334055,0.09049398648523332,-0.06559017757456523,0.22549237787915877,-0.1948394867281234,0.037983357964950844,0.08084755729461307,-0.004880841364711376,268,158,110,0.41044776119402987,0.036147772348463114,-0.03289460922606416,0.00780948140369446,0.055378708612320166,-0.039759745804931246,0.23712034480436378,-0.17524891883737312,-0.016522385263778357,0.036132313099806315,-0.06917708362736304,0.6219281663516069,0.3996282527881041,0.024722844450446615,0.005870600751946306,-0.0672111852195314,0.01081950840592577,-0.01227093999511256,0.0019388806517481542,SHORT,-6.5783,-1.2002,-5.3781,0.012452,0.007809,0.010131
75,KO,1W,12/26/9,12,3,280,183,97,0.6535714285714286,0.048987144416335976,-0.05521610382183761,0.0128881619909687,0.07799079117949413,-0.05221446719755673,0.16514285714285717,-0.280558789289872,0.030759445545575637,0.06942832155845,-0.007909430467298716,250,143,107,0.428,0.03497247727043506,-0.03249815431771554,0.006095046950706606,0.05347508001008616,-0.041284986108672955,0.2793733681462142,-0.22529858849077083,-0.019046461870060465,0.033586012734615506,-0.07167893647473644,0.6200378071833649,0.4144981412639405,0.015833992051794418,0.004524585712440806,0.033533621388063706,0.013501858736059469,-0.0029458300608257177,0.0015704612382657999,LONG,1.9,1.8289,0.0711,0.012888,0.006095,0.009492
76,XLB,1W,12/26/9,12,3,273,159,114,0.5824175824175825,0.05777882910510487,-0.05815790956789801,0.009365685483411362,0.0855884586601234,-0.06685708769330068,0.2135273299252851,-0.3348593852190974,0.038206317013876744,0.07980844964919634,-0.003395815621442845,259,163,96,0.37065637065637064,0.03867188274502051,-0.03979855095133322,0.00958631658729866,0.06362607371584578,-0.04445344054124845,0.26401179941002956,-0.22936692078223406,-0.019082211078382278,0.042177150363528954,-0.08034157252029352,0.6502835538752363,0.40892193308550184,0.02385400985462781,0.006611166118014396,-0.06786597145765383,-0.038265562429131206,-0.014488324371216447,0.0029751504692842644,SHORT,1.4587,1.4781,-0.0194,0.009366,0.009586,0.009476
77,XOM,1W,12/26/9,12,3,279,133,146,0.4767025089605735,0.11938655346453024,-0.09543413732239181,0.006971424952377481,0.1543748440468755,-0.14043199414212051,0.45026913175754746,-0.5315495779081414,0.04813560059370631,0.12311723955404938,-0.026846038366636765,250,145,105,0.42,0.04995168675399172,-0.04477762956020395,0.01016537390202954,0.08203760319202537,-0.06170685538796629,0.3173488087965791,-0.3635303265940901,-0.03261267349692456,0.04725223923823981,-0.11247758623208892,0.5406427221172023,0.44981412639405205,0.023810381439986854,0.0060474549667288114,-0.06394021315662884,-0.029814126394052065,-0.01683895648760937,0.004117918935300728,SHORT,7.5562,9.1636,-1.6074,0.006971,0.010165,0.008568
78,XLV,1W,12/26/9,12,3,294,172,122,0.5850340136054422,0.049323817709243004,-0.04899816517955313,0.008523539095524883,0.06881071956516138,-0.05176364137411162,0.14346863468634685,-0.23168836215271027,0.028438662313751226,0.059896822506148195,-0.003019497878645739,243,150,93,0.38271604938271603,0.03183014475980677,-0.02988074069065338,0.00821239847629733,0.049996320153528846,-0.033571523200934185,0.19901378176760645,-0.1459885541518194,-0.016313241318175346,0.029644948071300393,-0.062271430707651086,0.6408317580340265,0.43308550185873607,0.019918050953033343,0.0049322533083521,-0.05579774442858432,-0.05036945247602004,-0.01139451185750846,0.0032801451679452306,SHORT,-0.9683,0.2803,-1.2486,0.008524,0.008212,0.008368
79,AMGN,1W,12/26/9,12,3,277,149,128,0.5379061371841155,0.07587762353671126,-0.07599329820363498,0.005699002660305785,0.09816501615374698,-0.0867670108331354,0.2468451831332718,-0.22059371506645137,0.049952464809641745,0.11599733039581381,-0.01609240077653032,256,141,115,0.44921875,0.053406756445616,-0.04320560695940811,0.010006671322265329,0.07178239197807412,-0.05176904933354346,0.19552023752346853,-0.16368128474366891,-0.03204344991375603,0.02288736308620966,-0.08697426291372172,0.5916824196597353,0.4646840148698885,0.024492127277683927,0.005959106145567628,-0.05377628247561983,-0.015465264869888473,-0.018793124617378143,0.004047565176697701,SHORT,4.1765,9.4323,-5.2558,0.005699,0.010007,0.007853
80,ACN,1W,12/26/9,12,3,304,178,126,0.5855263157894737,0.07885892056565824,-0.10253760018542987,0.0036748363069835674,0.11590487843674352,-0.10855520582277639,0.25929954318033505,-0.3727333077111212,0.04590273448578358,0.095668021423693,-0.003862552452125842,233,142,91,0.3905579399141631,0.052472662886210095,-0.05469239508468288,0.010618498614316274,0.0752400175658154,-0.05400302033718286,0.18660797652394284,-0.16972146851985162,-0.03849466768896905,0.04107673717566474,-0.11806607255360285,0.6162570888468809,0.41821561338289964,0.02118719517939343,0.004913491549335192,-0.030730773057407235,-0.027657673468736543,-0.017512358872409862,0.005705007064981082,SHORT,-23.2857,-19.5283,-3.7574,0.003675,0.010618,0.007147
81,HD,1W,12/26/9,12,3,278,140,138,0.5035971223021583,0.08169733260485611,-0.0780805989453248,0.002383107590737523,0.09858437710909462,-0.09381816192761958,0.2605997931747674,-0.25139153273415094,0.05085083398159205,0.10837514153186836,-0.006673473568684259,257,151,106,0.41245136186770426,0.050880464454497745,-0.04366058045235634,0.01188688173026999,0.0753168244731903,-0.05154306101265032,0.3245481432796582,-0.3015515975027543,-0.029685068308508943,0.04031334425980946,-0.09968348087682735,0.6086956521739131,0.4275092936802974,0.028320949104537935,0.006998227815647567,-0.10509852987175483,-0.015057931812593128,-0.02593784151380041,0.0048886539146224236,SHORT,-14.9595,-10.8749,-4.0846,0.002383,0.011887,0.007135
82,JNJ,1W,12/26/9,12,3,292,145,147,0.4965753424657534,0.07058999086247013,-0.0589888200801927,0.00535682233996522,0.0843480772017487,-0.07363443252181825,0.23027781904620412,-0.1774271012006861,0.03568499476992272,0.08123874552171809,-0.009868755981872653,240,137,103,0.42916666666666664,0.03647098096794034,-0.028358741320923735,0.008648225152302843,0.05213396787683906,-0.034837517572233384,0.23432932770380005,-0.13285925508695348,-0.022672534818376843,0.020679823756693822,-0.06602489339344751,0.5992438563327032,0.44981412639405205,0.021677322533478538,0.005578797400422553,-0.10266851386694975,-0.02064745972738541,-0.016320500193513318,0.0030694277518802902,SHORT,7.8831,11.4132,-3.5301,0.005357,0.008648,0.007003
83,INDA,1W,12/26/9,12,3,273,170,103,0.6227106227106227,0.06527296647853245,-0.07746471831173926,0.01141955426828342,0.10323521673747621,-0.08039610820090937,0.23102113724322706,-0.3819151923616961,0.03573866726012147,0.0724177333006269,-0.0009403987803839539,264,141,123,0.4659090909090909,0.038171959967877485,-0.03880286586670592,0.002308688840401126,0.05495751358070708,-0.050340135899904825,0.1703771013175829,-0.2833178005591798,-0.021654656569959706,0.03796714573980173,-0.08127645887972114,0.6275992438563327,0.43308550185873607,0.018967004311614934,0.004676759711902819,-0.0048886211457099815,0.03282358905035482,-0.007547450043331514,-0.0023680708715016928,SHORT,-1.1559,-1.1169,-0.039,0.01142,0.002309,0.006864
84,CVX,1W,12/26/9,12,3,273,120,153,0.43956043956043955,0.10890966262503715,-0.0782479304754867,0.004019143414853454,0.12951851334867034,-0.12148022651896342,0.5044014084507044,-0.5063175394846218,0.04924852863068573,0.11997857522942801,-0.02148151796805655,256,144,112,0.4375,0.0504554646543826,-0.04588150620653333,0.008308039902731882,0.08188264812760318,-0.06526656832213942,0.41959925913453444,-0.36372401971287766,-0.029848434478508278,0.04989445071074057,-0.10959131966775713,0.5482041587901701,0.4349442379182156,0.025021059047181514,0.006762729509307839,-0.1086437192297306,0.002555762081784374,-0.02100191563232806,0.0015453103934240427,SHORT,7.373,9.0312,-1.6582,0.004019,0.008308,0.006164
85,CLOU,1W,12/26/9,12,3,206,103,103,0.5,0.09785847117928982,-0.08983332980777894,0.004012570685755456,0.1204714427013091,-0.11244630132979819,0.3067226890756302,-0.2980342422320862,0.04593447606706249,0.11828385502515887,-0.026414902891033883,160,82,78,0.4875,0.06421187920132332,-0.05046473648173723,0.00830702905583131,0.08091708000877072,-0.06430302189710811,0.2051835853131748,-0.1568627450980392,-0.042794577380043566,0.03548769796719424,-0.12107685272728137,0.5307262569832403,0.4904632152588556,0.017188169662413877,0.005174536280483238,-0.030726256983240274,-0.0029632152588556226,-0.013175598976658421,0.003132492775348073,LONG,-0.2718,-0.6659,0.3941,0.004013,0.008307,0.00616
86,PEP,1W,12/26/9,12,3,230,127,103,0.5521739130434783,0.04676338371168373,-0.05382275082274461,0.001718288681048415,0.06415297532684021,-0.060716397964743374,0.1704592470004137,-0.18519364789215134,0.03024136623112295,0.07181258922740197,-0.011329856765156073,201,118,83,0.4129353233830846,0.04107855135991522,-0.0336831916890951,0.010206786817289079,0.061904446385065044,-0.041490872750486886,0.28576926777638784,-0.21283041732939478,-0.024375713799420787,0.031077821222635915,-0.07982924882147749,0.5807962529274004,0.4724770642201835,0.011146629345482285,0.0028013427240402185,-0.028622339883922154,-0.0595417408370989,-0.00942834066443387,0.007405444093248861,SHORT,1.513,2.6375,-1.1245,0.001718,0.010207,0.005963
87,XLRE,1W,12/26/9,12,3,302,173,129,0.5728476821192053,0.04620963444521928,-0.05562106306788787,0.002712415971077481,0.06949175510853746,-0.0640669231663825,0.175983436853002,-0.26114953493918436,0.027010616010009463,0.06562807553654391,-0.011606843516524985,229,143,86,0.37554585152838427,0.038027295889347085,-0.0392040590216979,0.009023380944587833,0.06394890212496455,-0.04590214023578888,0.3081737849779087,-0.26175591193259035,-0.024910788293503853,0.037544576998801066,-0.08736615358580876,0.5992438563327032,0.4312267657992565,0.011156041903876243,0.003345291109053484,-0.026396174213497825,-0.05568091427087224,-0.008443625932798762,0.005678089835534349,LONG,0.664,0.4108,0.2532,0.002712,0.009023,0.005868
88,XLP,1W,12/26/9,12,3,284,169,115,0.5950704225352113,0.03589313667965914,-0.039939403310097314,0.005186298303525369,0.05253064615247367,-0.04215804954542293,0.12766689607708206,-0.2031620553359684,0.02441270661843281,0.05260407439598706,-0.0037786611591214443,249,155,94,0.37751004016064255,0.02566191822939273,-0.02507265300191652,0.006509108206328193,0.039666292840809386,-0.026648076428153002,0.15337301587301597,-0.13088463528194522,-0.01567733626907647,0.024920691010165773,-0.05627536354831871,0.6068052930056711,0.4070631970260223,0.012844344506966653,0.0035553211184378855,-0.011734870470459846,-0.029553156865379737,-0.007658046203441285,0.0029537870878903073,SHORT,0.7666,0.8917,-0.1251,0.005186,0.006509,0.005848
89,IBB,1W,12/26/9,12,3,277,126,151,0.4548736462093863,0.07280085190286348,-0.05752390282812341,0.0017573935477045537,0.0832538253838419,-0.07973903828843279,0.2145751816657351,-0.25487944890929964,0.04008856673665561,0.09456880222507774,-0.014391668751766513,260,145,115,0.4423076923076923,0.04641132304308614,-0.03920463617599693,0.00854272569618401,0.06504777286896547,-0.047962321476597444,0.19975786924939473,-0.167186067827681,-0.02739378705337352,0.027951069991152915,-0.08273864409789995,0.5425330812854442,0.45724907063197023,0.01877792206653089,0.004543123381420039,-0.08765943507605789,-0.014941378324277943,-0.017020528518826336,0.0039996023147639715,SHORT,3.2292,4.1339,-0.9047,0.001757,0.008543,0.00515
90,FXI,1W,12/26/9,12,3,251,128,123,0.5099601593625498,0.07801858492587213,-0.08164999388345863,-0.00022537998866047805,0.09892906039162837,-0.09937982036894934,0.31190301249081565,-0.28533510285335106,0.04239692804925502,0.11407149560861463,-0.02927763951010459,286,149,137,0.479020979020979,0.051765033030401544,-0.03798143337136702,0.008774592830952969,0.07139653419478745,-0.053847348532881506,0.38089713843774176,-0.18316268486916956,-0.029801516073793582,0.026045677086326983,-0.08564870923391416,0.5066162570888468,0.49070631970260226,0.008572688263920575,0.002820024473721658,0.003343902273702959,-0.011685340681623246,-0.008798068252581052,0.005954568357231311,LONG,-0.3745,-0.4646,0.0901,-0.000225,0.008775,0.004275
91,PDBC,1W,12/26/9,12,3,294,151,143,0.5136054421768708,0.08008034682936284,-0.078854424083268,0.0027753392085934263,0.11247562413301158,-0.10692494571582474,0.2884758364312267,-0.36387782204515273,0.029663612382744647,0.07105599286445903,-0.011728768098969736,234,142,92,0.39316239316239315,0.03502063004139762,-0.0416948357224065,0.00485899392913275,0.05601041899840701,-0.04629243114014151,0.17241379310344823,-0.26593195975083855,-0.03334945712314151,0.0337810618497303,-0.10047997609601332,0.55765595463138,0.44423791821561337,0.009258254250804685,0.0026059819387069636,-0.044050512454509194,-0.051075525053220217,-0.0064829150422112585,0.002253011990425786,LONG,1.2015,0.9836,0.218,0.002775,0.004859,0.003817
92,EWZ,1W,12/26/9,12,3,277,136,141,0.49097472924187724,0.10634362129101671,-0.10769960409105561,-0.00260978946303455,0.1440649530906671,-0.14928453201673622,0.4710867397806582,-0.5290685109141993,0.0656052947330692,0.15354118530209615,-0.022330595835957742,254,138,116,0.4566929133858268,0.07115295563049483,-0.0626518918496205,0.010045230009654751,0.1002450455251272,-0.0801545855058177,0.4157303370786517,-0.41788321167883213,-0.04753857728817709,0.039095128991721864,-0.13417228356807603,0.5689981096408318,0.48698884758364314,0.026011869438879093,0.007335955502072311,-0.07802338039895451,-0.030295934197816343,-0.028621658901913642,0.0027092745075824407,SHORT,1.8221,2.0206,-0.1985,-0.00261,0.010045,0.003718
93,DBA,1W,12/26/9,12,3,265,125,140,0.4716981132075472,0.05631358606208172,-0.047030299214112885,0.0017168164822053231,0.06488814027705771,-0.06145450731264706,0.15817855002995787,-0.1848484848484849,0.02355049185016881,0.05742807033913692,-0.010327086638799297,263,149,114,0.43346007604562736,0.024175617297751743,-0.022199295917564223,0.004073943888831517,0.03395922079759894,-0.025811333019935906,0.09620148637489687,-0.10770194113963685,-0.017593558430599947,0.017027575865835975,-0.05221469272703587,0.5444234404536862,0.46096654275092935,0.008529001906723212,0.0024014224703755274,-0.072725327246139,-0.02750646670530199,-0.006812185424517889,0.0016725214184559896,LONG,0.4694,0.2276,0.2418,0.001717,0.004074,0.002895
94,IBM,1W,12/26/9,12,3,287,135,152,0.47038327526132406,0.0737505907808015,-0.08099008482740902,-0.008202659018668877,0.08798364184698128,-0.10438895988431902,0.24674540330157013,-0.26631836518748764,0.047944519900821436,0.10792864768644544,-0.012039607884802565,250,145,105,0.42,0.05337796227068017,-0.042220678514392825,0.013226533140949506,0.07680187672583769,-0.05034881044393868,0.2737184191215012,-0.19643394774696415,-0.036138026044281506,0.03850199127862184,-0.11077804336718486,0.5746691871455577,0.45353159851301117,0.019447312744824308,0.005090661597059435,-0.10428591188423364,-0.033531598513011185,-0.027649971763493184,0.008135871543890071,SHORT,-15.0698,-10.7494,-4.3204,-0.008203,0.013227,0.002512
95,LQD,1W,12/26/9,12,3,254,134,120,0.5275590551181102,0.025446547602334703,-0.022547781968000367,0.00277206119115278,0.03427533244204874,-0.028731210059743183,0.0922943312805937,-0.13201291335834567,0.012925526520629473,0.03721558261168208,-0.011364529570423134,282,129,153,0.5425531914893617,0.014074382617735876,-0.01378338062927049,-0.0010399357396824712,0.02210155634092024,-0.024181427820285182,0.2350571482106054,-0.06334131637624908,-0.011924350810332749,0.011765605236236643,-0.035614306856902145,0.500945179584121,0.4851301115241636,-0.00038290804827433803,-1.3698765723289844e-05,0.026613875533989195,0.057423079965198076,0.003154969239427118,-0.0010262369739591813,SHORT,-0.4,-0.2819,-0.1181,0.002772,0.00104,0.001906
96,IEF,1W,12/26/9,12,3,227,115,112,0.5066079295154186,0.02074311946046209,-0.025334997061321893,-0.001991457854250712,0.028261417933378823,-0.03224433364188025,0.07460709871093049,-0.11438623181515642,0.009613937535863225,0.027400098233291748,-0.008172223161565299,226,98,128,0.5663716814159292,0.009843929518452157,-0.011413088685822918,-0.0021954436237921313,0.012305838223052343,-0.016696725470636605,0.039499036608863176,-0.06123893805309736,-0.01185155019813956,0.005076847870087584,-0.028779948266366703,0.4541387024608501,0.5241228070175439,-0.0025676632260445953,-0.0007080587304414711,0.05246922705456847,0.04224887439838532,0.0005762053717938832,-0.0014873848933506602,SHORT,-0.3632,-0.1823,-0.181,-0.001991,0.002195,0.000102
97,TLT,1W,12/26/9,12,3,280,132,148,0.4714285714285714,0.04269838293503305,-0.04641642842534878,-0.004405160212597343,0.05359877177653879,-0.06240909220173347,0.17093899931459902,-0.20659116069147582,0.01799579787238903,0.054765538650066885,-0.018773942905288825,251,122,129,0.5139442231075697,0.021193217563080374,-0.02875647627419112,-0.004478139030577088,0.027839655045239275,-0.03679593310639345,0.09398304219021353,-0.09359419851941382,-0.02621166900224191,0.008761888274580434,-0.06118522627906425,0.45714285714285713,0.5168539325842697,-0.006973614406730703,-0.0018628900946762142,0.01428571428571429,-0.0029097094766999954,0.00256845419413336,-0.0026152489359008734,SHORT,-0.7353,-0.4989,-0.2364,-0.004405,0.004478,3.6e-05
98,EMB,1W,12/26/9,12,3,273,150,123,0.5494505494505495,0.0225694570474644,-0.0317072505158904,-0.0018848837228383096,0.036073113212651824,-0.03984288065832844,0.07402141977063774,-0.16579406631762653,0.01346153439727062,0.03510199347703081,-0.008178924682489569,264,153,111,0.42045454545454547,0.01528931383829728,-0.019480990011192308,0.000669981537943704,0.024655193733775418,-0.02331523065788801,0.1126358546492479,-0.07757281553398053,-0.01499455063424041,0.01778983766294997,-0.047778938931430794,0.5311909262759924,0.4275092936802974,-0.0013958580969202035,-0.00017998792652650092,0.018259623174557094,-0.007054748225751917,-0.0004890256259181061,0.0008499694644702048,SHORT,0.1072,0.1702,-0.063,-0.001885,0.00067,-0.000607
99,HYG,1W,12/26/9,12,3,248,138,110,0.5564516129032258,0.015006091021020303,-0.02357825593109355,-0.002107933836772133,0.02952217384843595,-0.03373804152198021,0.04496684749849311,-0.20666515013648773,0.010038744702998894,0.02736224672942775,-0.007284757323429963,289,157,132,0.45674740484429066,0.013585212170745339,-0.014562790519274416,0.000728684990528704,0.02526789666482721,-0.0238105266837698,0.1807885304659498,-0.18933054393305446,-0.00790941185528368,0.017382611020214725,-0.03320143473078208,0.55765595463138,0.47026022304832715,0.0006522221939158652,0.00030433123148616354,-0.0012043417281542013,-0.013512818204036492,-0.0027601560306879983,0.0004243537590425405,SHORT,-0.122,-0.1196,-0.0025,-0.002108,0.000729,-0.00069
100,UNG,1W,12/26/9,12,3,298,139,159,0.4664429530201342,0.1894792668522044,-0.1774954047815942,-0.006322655261131074,0.22865257298032737,-0.24129788350258952,0.7528445006321113,-0.4549120234604106,0.06240870103807229,0.20235396043156745,-0.07753655835542285,235,109,126,0.5361702127659574,0.09302022943457576,-0.08894423305886855,-0.004543695136377358,0.1213125418168552,-0.13039993208960993,0.6249999999999998,-0.4084577114427861,-0.1020887629132163,0.03322929198652151,-0.23740681781295409,0.4215500945179584,0.5390334572490706,-0.022957613665173272,-0.006113055427930475,0.044892858502175836,-0.0028632444831131476,0.016634958404042197,0.0015693602915531173,SHORT,-0.7766,-0.6808,-0.0958,-0.006323,0.004544,-0.000889
101,KWEB,1W,12/26/9,12,3,264,117,147,0.4431818181818182,0.12802107858267284,-0.11989977727309503,-0.010025761609743361,0.1358394063053359,-0.1558909295248226,0.34142969984202226,-0.3320490367775832,0.06053247626970493,0.1675275566487463,-0.04646260410933645,273,138,135,0.4945054945054945,0.07232556595936772,-0.05835675502727921,0.007702440196740118,0.09672773065194593,-0.0813228502584657,0.5110149488591658,-0.22918350848827804,-0.05045428690742942,0.03139269181080164,-0.13230126562566047,0.5160680529300568,0.48698884758364314,0.010775019177039236,0.0028294512927485873,-0.07288623474823858,0.007516646921851389,-0.020800780786782595,0.004872988903991531,LONG,-1.8161,-1.8757,0.0595,-0.010026,0.007702,-0.001162
